,Segment>>,Consumer,Unnamed: 2,Unnamed: 3,Unnamed: 4,Consumer Total,Corporate,Unnamed: 7,Unnamed: 8,Unnamed: 9,Corporate Total,Home Office,Unnamed: 12,Unnamed: 13,Unnamed: 14,Home Office Total
0,Ship Mode>>,First Class,Same Day,Second Class,Standard Class,,First Class,Same Day,Second Class,Standard Class,,First Class,Same Day,Second Class,Standard Class,
1,Order ID,,,,,,,,,,,,,,,
2,CA-2011-100293,,,,,,,,,,,,,,91.056,91.056
3,CA-2011-100706,,,129.44,,129.44,,,,,,,,,,
4,CA-2011-100895,,,,605.47,605.47,,,,,,,,,,
5,CA-2011-100916,,,,,,,,,788.86,788.86,,,,,
6,CA-2011-101266,,,13.36,,13.36,,,,,,,,,,
7,CA-2011-101560,,,,,,,,542.3399999999999,,542.3399999999999,,,,,
8,CA-2011-101770,,,,,,,,,1.8690000000000004,1.8690000000000004,,,,,
9,CA-2011-102274,,,,,,,,,865.5,865.5,,,,,
10,CA-2011-102673,,,,,,,,,1044.4399999999998,1044.4399999999998,,,,,
11,CA-2011-102988,,,,,,,,4251.919999999999,,4251.919999999999,,,,,
12,CA-2011-103317,,,,,,242.54600000000002,,,,242.54600000000002,,,,,
13,CA-2011-103366,149.95,,,,149.95,,,,,,,,,,
14,CA-2011-103807,,,,,,,,,21.19,21.19,,,,,
15,CA-2011-103989,,,,,,590.7620000000002,,,,590.7620000000002,,,,,
16,CA-2011-104283,,,,616.14,616.14,,,,,,,,,,
17,CA-2011-106054,,,,,,12.78,,,,12.78,,,,,
18,CA-2011-106810,,,,,,,,,310.88000000000005,310.88000000000005,,,,,
19,CA-2011-107573,,,,23.472,23.472,,,,,,,,,,
20,CA-2011-107811,,,,,,,,,661.5040000000001,661.5040000000001,,,,,
21,CA-2011-108707,,,,,,,,,,,,,,10.368000000000002,10.368000000000002
22,CA-2011-109043,243.60000000000002,,,,243.60000000000002,,,,,,,,,,
23,CA-2011-109232,,,545.9399999999999,,545.9399999999999,,,,,,,,,,
24,CA-2011-110100,,,,302.376,302.376,,,,,,,,,,
25,CA-2011-110408,,,,,,,,2216.8,,2216.8,,,,,
26,CA-2011-110422,,,25.248,,25.248,,,,,,,,,,
27,CA-2011-111500,,,,,,,,,484.78999999999996,484.78999999999996,,,,,
28,CA-2011-111934,,,,,,47.32,,,,47.32,,,,,
29,CA-2011-112718,,,,,,,,,1.1670000000000003,1.1670000000000003,,,,,
30,CA-2011-113047,,11.850000000000001,,,11.850000000000001,,,,,,,,,,
31,CA-2011-113166,9.568000000000001,,,,9.568000000000001,,,,,,,,,,
32,CA-2011-114314,,,,,,,,,16.23,16.23,,,,,
33,CA-2011-114321,,,,,,,,,1417.35,1417.35,,,,,
34,CA-2011-114335,,,,337.088,337.088,,,,,,,,,,
35,CA-2011-114790,,,,,,,,782.6300000000001,,782.6300000000001,,,,,
36,CA-2011-115084,,,,,,,,,605.34,605.34,,,,,
37,CA-2011-115357,,,62.91,,62.91,,,,,,,,,,
38,CA-2011-116190,,,,256.47999999999996,256.47999999999996,,,,,,,,,,
39,CA-2011-116239,,354.90000000000003,,,354.90000000000003,,,,,,,,,,
40,CA-2011-116407,,,,362.17600000000004,362.17600000000004,,,,,,,,,,
41,CA-2011-116568,,,,186.304,186.304,,,,,,,,,,
42,CA-2011-117016,,,,15.552000000000003,15.552000000000003,,,,,,,,,,
43,CA-2011-117345,,,,,,,,,202.89600000000002,202.89600000000002,,,,,
44,CA-2011-117639,,,,,,,,,3333.9000000000005,3333.9000000000005,,,,,
45,CA-2011-120432,,,,,,,,25.5,,25.5,,,,,
46,CA-2011-120670,,,,,,,,,,,,,,799.9200000000001,799.9200000000001
47,CA-2011-120768,,,1979.89,,1979.89,,,,,,,,,,
48,CA-2011-120950,,,,43.68,43.68,,,,,,,,,,
49,CA-2011-121286,,,,,,,,66.61600000000001,,66.61600000000001,,,,,
50,CA-2011-122217,,,,,,,,,,,,,,111.15,111.15
51,CA-2011-123400,,,,199.29600000000002,199.29600000000002,,,,,,,,,,
52,CA-2011-123925,,,40.05,,40.05,,,,,,,,,,
53,CA-2011-124023,8.96,,,,8.96,,,,,,,,,,
54,CA-2011-124618,,,479.98400000000004,,479.98400000000004,,,,,,,,,,
55,CA-2011-124688,,,,,,1812.01,,,,1812.01,,,,,
56,CA-2011-125136,,,,,,,,,106.944,106.944,,,,,
57,CA-2011-125682,,,,,,9.96,,,,9.96,,,,,
58,CA-2011-127299,,,,2692.329,2692.329,,,,,,,,,,
59,CA-2011-127488,,,4.608,,4.608,,,,,,,,,,
60,CA-2011-127614,,,,1508.13,1508.13,,,,,,,,,,
61,CA-2011-128839,,,,254.96999999999997,254.96999999999997,,,,,,,,,,
62,CA-2011-128846,,,,,,,,,752.92,752.92,,,,,
63,CA-2011-129091,,,,,,,,,1022.61,1022.61,,,,,
64,CA-2011-129819,,,,,,,,12.39,,12.39,,,,,
65,CA-2011-130155,34.2,,,,34.2,,,,,,,,,,
66,CA-2011-130428,,1142.1649999999997,,,1142.1649999999997,,,,,,,,,,
67,CA-2011-130918,,,7.6320000000000014,,7.6320000000000014,,,,,,,,,,
68,CA-2011-131527,,,,95.968,95.968,,,,,,,,,,
69,CA-2011-131541,,193.152,,,193.152,,,,,,,,,,
70,CA-2011-131905,,,,,,321.56,,,,321.56,,,,,
71,CA-2011-132010,,,,,,,,,,,389.74,,,,389.74
72,CA-2011-132612,,,1441.3,,1441.3,,,,,,,,,,
73,CA-2011-133634,,,,,,,,,,,,,,47.79,47.79
74,CA-2011-134551,,,,732.312,732.312,,,,,,,,,,
75,CA-2011-134621,,,,,,,,,,,,,,18.240000000000002,18.240000000000002
76,CA-2011-136336,,,,,,,,,828.8399999999999,828.8399999999999,,,,,
77,CA-2011-136567,,,,,,,,,,,2884.37,,,,2884.37
78,CA-2011-136861,31.983999999999998,,,,31.983999999999998,,,,,,,,,,
79,CA-2011-137911,,,,,,,,,88.768,88.768,,,,,
80,CA-2011-138296,,,,24.56,24.56,,,,,,,,,,
81,CA-2011-138527,,,,,,,,,192.424,192.424,,,,,
82,CA-2011-138709,,,,37.44,37.44,,,,,,,,,,
83,CA-2011-140165,,,,,,,,,,,405.456,,,,405.456
84,CA-2011-140886,,,,69.21600000000001,69.21600000000001,,,,,,,,,,
85,CA-2011-142727,,,69.9,,69.9,,,,,,,,,,
86,CA-2011-142951,,23.472,,,23.472,,,,,,,,,,
87,CA-2011-143182,,,,15.384,15.384,,,,,,,,,,
88,CA-2011-143840,,,,180.93,180.93,,,,,,,,,,
89,CA-2011-145317,,,,,,,,,,,,,,23661.228,23661.228
90,CA-2011-145576,,,26.128,,26.128,,,,,,,,,,
91,CA-2011-146731,,,,147.34400000000002,147.34400000000002,,,,,,,,,,
92,CA-2011-146885,,,,,,,,,13.620000000000001,13.620000000000001,,,,,
93,CA-2011-148285,,,,,,,,,,,,,,22.320000000000004,22.320000000000004
94,CA-2011-148425,,,,,,,,,6.642000000000001,6.642000000000001,,,,,
95,CA-2011-149020,,,,,,,,,54.83,54.83,,,,,
96,CA-2011-149538,,,,,,,,,364.92999999999995,364.92999999999995,,,,,
97,CA-2011-149958,,,,370.78200000000004,370.78200000000004,,,,,,,,,,
98,CA-2011-151953,,,,,,,,,2.8160000000000003,2.8160000000000003,,,,,
99,CA-2011-151967,,,,,,,,,129.92,129.92,,,,,
100,CA-2011-152254,,310.688,,,310.688,,,,,,,,,,
101,CA-2011-152268,,,,1793.98,1793.98,,,,,,,,,,
102,CA-2011-152562,,,,,,,,,75.16,75.16,,,,,
103,CA-2011-152849,,,,,,,,,4.368,4.368,,,,,
104,CA-2011-153087,,,,,,,,,521.92,521.92,,,,,
105,CA-2011-153913,,,,,,,,1015.8160000000001,,1015.8160000000001,,,,,
106,CA-2011-153927,286.65000000000003,,,,286.65000000000003,,,,,,,,,,
107,CA-2011-154158,,,619.8480000000002,,619.8480000000002,,,,,,,,,,
108,CA-2011-155208,,,,,,,,,39.072,39.072,,,,,
109,CA-2011-155390,,,,42.208,42.208,,,,,,,,,,
110,CA-2011-155852,,,19.456000000000003,,19.456000000000003,,,,,,,,,,
111,CA-2011-156006,,,47.79,,47.79,,,,,,,,,,
112,CA-2011-156244,,,,,,,,,,,,,,457.744,457.744
113,CA-2011-156790,,,155.45600000000002,,155.45600000000002,,,,,,,,,,
114,CA-2011-157609,,,,,,,,,,,,,471.92,,471.92
115,CA-2011-157784,514.0300000000001,,,,514.0300000000001,,,,,,,,,,
116,CA-2011-158274,,,,,,,,,,,,,682.91,,682.91
117,CA-2011-158470,,,129.33,,129.33,,,,,,,,,,
118,CA-2011-158771,,,,,,,158.70999999999998,,,158.70999999999998,,,,,
119,CA-2011-159184,,,,149.56,149.56,,,,,,,,,,
120,CA-2011-159681,,,,105.52,105.52,,,,,,,,,,
121,CA-2011-160094,1000.95,,,,1000.95,,,,,,,,,,
122,CA-2011-160276,,,,,,,,,177.68,177.68,,,,,
123,CA-2011-160773,,,,,,,,,581.1039999999999,581.1039999999999,,,,,
124,CA-2011-161634,,,,32.400000000000006,32.400000000000006,,,,,,,,,,
125,CA-2011-162775,,,,,,,,1287.26,,1287.26,,,,,
126,CA-2011-163013,,,,14.669999999999998,14.669999999999998,,,,,,,,,,
127,CA-2011-163223,,,,,,,,,3769.5600000000004,3769.5600000000004,,,,,
128,CA-2011-163293,,,,,,116.85,,,,116.85,,,,,
129,CA-2011-164315,,,,1220.67,1220.67,,,,,,,,,,
130,CA-2011-164749,9.912,,,,9.912,,,,,,,,,,
131,CA-2011-164910,,,,,,,,7.872,,7.872,,,,,
132,CA-2011-165764,,,,1395.6730000000002,1395.6730000000002,,,,,,,,,,
133,CA-2011-165806,,,,,,,,,,,,259.28999999999996,,,259.28999999999996
134,CA-2011-166051,,,,773.7,773.7,,,,,,,,,,
135,CA-2011-166457,,,40.54,,40.54,,,,,,,,,,
136,CA-2011-166730,39.128,,,,39.128,,,,,,,,,,
137,CA-2011-167199,,,,,,,,,,,,,,4374.88,4374.88
138,CA-2011-167850,,,,,,,,,193.936,193.936,,,,,
139,CA-2011-169257,,,,63.381,63.381,,,,,,,,,,
140,CA-2011-169684,,,,,,426.942,,,,426.942,,,,,
141,CA-2011-169775,,,709.0425000000001,,709.0425000000001,,,,,,,,,,
142,CA-2012-100769,,,,,,,,,,,,255.968,,,255.968
143,CA-2012-100888,,,,47.952000000000005,47.952000000000005,,,,,,,,,,
144,CA-2012-101868,,,,175.32,175.32,,,,,,,,,,
145,CA-2012-102260,,,,,,,,,,,,,,763.508,763.508
146,CA-2012-102491,,,,3747.9300000000003,3747.9300000000003,,,,,,,,,,
147,CA-2012-102582,,,,1918.79,1918.79,,,,,,,,,,
148,CA-2012-102722,106.5,,,,106.5,,,,,,,,,,
149,CA-2012-102778,18.176,,,,18.176,,,,,,,,,,
150,CA-2012-103093,,,,74.52,74.52,,,,,,,,,,
151,CA-2012-103135,,,,,,,,,,,,,,525.95,525.95
152,CA-2012-103772,,,,,,,,,,,,,,260.31,260.31
153,CA-2012-103793,,,,,,,,,74.352,74.352,,,,,
154,CA-2012-103870,,,,,,,,,284.44000000000005,284.44000000000005,,,,,
155,CA-2012-104038,,,,,,176.63,,,,176.63,,,,,
156,CA-2012-104115,,,,55.98400000000001,55.98400000000001,,,,,,,,,,
157,CA-2012-104241,,,,,,,,,192.22,192.22,,,,,
158,CA-2012-104941,,,,,,,,,976.29,976.29,,,,,
159,CA-2012-105571,,,,,,,,,1361.631,1361.631,,,,,
160,CA-2012-106187,,,,,,,,,268.4,268.4,,,,,
161,CA-2012-107678,,,,893.09,893.09,,,,,,,,,,
162,CA-2012-108119,,,,301.96,301.96,,,,,,,,,,
163,CA-2012-108259,,,,,,,,,81.135,81.135,,,,,
164,CA-2012-109386,,,750.93,,750.93,,,,,,,,,,
165,CA-2012-109470,,,,,,,,596.48,,596.48,,,,,
166,CA-2012-109708,,,,,,,,467.03999999999996,,467.03999999999996,,,,,
167,CA-2012-110247,,,,8.226,8.226,,,,,,,,,,
168,CA-2012-110345,,,4.608,,4.608,,,,,,,,,,
169,CA-2012-110947,,,,,,,,,,,,,,113.10000000000001,113.10000000000001
170,CA-2012-111199,,,,115.296,115.296,,,,,,,,,,
171,CA-2012-111703,,,,27.504000000000005,27.504000000000005,,,,,,,,,,
172,CA-2012-112375,,,,78.19200000000001,78.19200000000001,,,,,,,,,,
173,CA-2012-113628,,,,,,,,,792.508,792.508,,,,,
174,CA-2012-114300,,,,371.65999999999997,371.65999999999997,,,,,,,,,,
175,CA-2012-114503,,,,84.96000000000001,84.96000000000001,,,,,,,,,,
176,CA-2012-115091,,,,,,,,,,,,,,75.04,75.04
177,CA-2012-115847,,,,,,,,,,,,,61.96,,61.96
178,CA-2012-115938,,,,535.36,535.36,,,,,,,,,,
179,CA-2012-116638,,,4297.644,,4297.644,,,,,,,,,,
180,CA-2012-116750,,,,,,,,12.158000000000003,,12.158000000000003,,,,,
181,CA-2012-117828,194.32,,,,194.32,,,,,,,,,,
182,CA-2012-117884,,598.352,,,598.352,,,,,,,,,,
183,CA-2012-118444,,,,387.136,387.136,,,,,,,,,,
184,CA-2012-118843,,,,199.86,199.86,,,,,,,,,,
185,CA-2012-119480,,,,364.07,364.07,,,,,,,,,,
186,CA-2012-119592,,,,,,,,3.76,,3.76,,,,,
187,CA-2012-119634,,,,46.152,46.152,,,,,,,,,,
188,CA-2012-120516,,,,5.64,5.64,,,,,,,,,,
189,CA-2012-120621,,,,1270.379,1270.379,,,,,,,,,,
190,CA-2012-120845,,,,,,,,,22.549000000000003,22.549000000000003,,,,,
191,CA-2012-121552,,,,,,,,,19.56,19.56,,,,,
192,CA-2012-121720,,,,,,3165.744,,,,3165.744,,,,,
193,CA-2012-122168,,,,,,,,,53.28,53.28,,,,,
194,CA-2012-122266,,,,194.1395,194.1395,,,,,,,,,,
195,CA-2012-123092,,,,288.85,288.85,,,,,,,,,,
196,CA-2012-123330,,,,107.97600000000001,107.97600000000001,,,,,,,,,,
197,CA-2012-125066,,,,,,,,,62.459999999999994,62.459999999999994,,,,,
198,CA-2012-125563,,,,121.88799999999999,121.88799999999999,,,,,,,,,,
199,CA-2012-125696,,,,,,,,,,,,,,7.380000000000001,7.380000000000001
200,CA-2012-125976,,,,2026.7800000000002,2026.7800000000002,,,,,,,,,,
201,CA-2012-128027,,,269.49,,269.49,,,,,,,,,,
202,CA-2012-128083,,,,,,,,,45.976000000000006,45.976000000000006,,,,,
203,CA-2012-128139,,,,365.91,365.91,,,,,,,,,,
204,CA-2012-128958,,,,,,,,,,,,,,13.120000000000001,13.120000000000001
205,CA-2012-129098,,,,30.84,30.84,,,,,,,,,,
206,CA-2012-130218,59.480000000000004,,,,59.480000000000004,,,,,,,,,,
207,CA-2012-131422,,,,,,,,,207,207.0,,,,,
208,CA-2012-132318,182.91,,,,182.91,,,,,,,,,,
209,CA-2012-133242,,,,1046.47,1046.47,,,,,,,,,,
210,CA-2012-133396,,,,,,64.68,,,,64.68,,,,,
211,CA-2012-133977,,,,,,,,,,,,,3.444000000000001,,3.444000000000001
212,CA-2012-134257,,,498.93,,498.93,,,,,,,,,,
213,CA-2012-134719,,,,1801.632,1801.632,,,,,,,,,,
214,CA-2012-134782,,,,105.42,105.42,,,,,,,,,,
215,CA-2012-134894,,,,436.86,436.86,,,,,,,,,,
216,CA-2012-134992,,,,,,,,,,,,,80.38,,80.38
217,CA-2012-135510,,,,,,,,,,,,,,67.96,67.96
218,CA-2012-136147,,,,233.06400000000002,233.06400000000002,,,,,,,,,,
219,CA-2012-136224,,10.272000000000002,,,10.272000000000002,,,,,,,,,,
220,CA-2012-137106,,,,,,,,,79.96,79.96,,,,,
221,CA-2012-137281,,,,,,,,,6.48,6.48,,,,,
222,CA-2012-137974,2298.8999999999996,,,,2298.8999999999996,,,,,,,,,,
223,CA-2012-138457,,,,13.092000000000002,13.092000000000002,,,,,,,,,,
224,CA-2012-138625,197.72,,,,197.72,,,,,,,,,,
225,CA-2012-140718,,,,,,246.36400000000003,,,,246.36400000000003,,,,,
226,CA-2012-140830,,,,,,,,,,,,,89.36,,89.36
227,CA-2012-141145,,,,87.168,87.168,,,,,,,,,,
228,CA-2012-141327,440.144,,,,440.144,,,,,,,,,,
229,CA-2012-141565,,,,1664.132,1664.132,,,,,,,,,,
230,CA-2012-141754,,,,,,,,,,,,,,11.696,11.696
231,CA-2012-142202,,,,,,,,717.1200000000001,,717.1200000000001,,,,,
232,CA-2012-142755,,,,919.4899999999999,919.4899999999999,,,,,,,,,,
233,CA-2012-143119,,,,517.5,517.5,,,,,,,,,,
234,CA-2012-143532,,,,14.496000000000002,14.496000000000002,,,,,,,,,,
235,CA-2012-144288,,,,19.584000000000003,19.584000000000003,,,,,,,,,,
236,CA-2012-145324,,,,,,,,,,,,,,39.96,39.96
237,CA-2012-145352,,,,6412.7699999999995,6412.7699999999995,,,,,,,,,,
238,CA-2012-147011,,,,,,,,,13.632,13.632,,,,,
239,CA-2012-147102,,,,,,,,,66.36,66.36,,,,,
240,CA-2012-147529,,,,,,,,,324.10999999999996,324.10999999999996,,,,,
241,CA-2012-147879,,,,45.68,45.68,,,,,,,,,,
242,CA-2012-148705,,,,5.04,5.04,,,,,,,,,,
243,CA-2012-149300,32.985,,,,32.985,,,,,,,,,,
244,CA-2012-149342,,,,,,,,,896.31,896.31,,,,,
245,CA-2012-149734,,,,,,,,,200.98400000000004,200.98400000000004,,,,,
246,CA-2012-150308,,,,,,,,,246.168,246.168,,,,,
247,CA-2012-150560,196.62,,,,196.62,,,,,,,,,,
248,CA-2012-150749,,,5.56,,5.56,,,,,,,,,,
249,CA-2012-151547,,,,88.96000000000001,88.96000000000001,,,,,,,,,,
250,CA-2012-151624,,,,,,,,,21.36,21.36,,,,,
251,CA-2012-153038,,,,,,,,,94.68800000000002,94.68800000000002,,,,,
252,CA-2012-153325,,,58.72,,58.72,,,,,,,,,,
253,CA-2012-153535,,,,169.54399999999998,169.54399999999998,,,,,,,,,,
254,CA-2012-153549,,,,,,,,,,,,,1166.92,,1166.92
255,CA-2012-153626,,,,5.16,5.16,,,,,,,,,,
256,CA-2012-153752,,,173.94,,173.94,,,,,,,,,,
257,CA-2012-154291,,,,,,,,,457.03999999999996,457.03999999999996,,,,,
258,CA-2012-154746,,,,,,860.07,,,,860.07,,,,,
259,CA-2012-154921,,,,,,,,,186.69,186.69,,,,,
260,CA-2012-155068,,78.456,,,78.456,,,,,,,,,,
261,CA-2012-155453,,,,,,,,,4.608,4.608,,,,,
262,CA-2012-155600,,,1635.0180000000003,,1635.0180000000003,,,,,,,,,,
263,CA-2012-155635,,,,48.81,48.81,,,,,,,,,,
264,CA-2012-156328,,,,177.48000000000002,177.48000000000002,,,,,,,,,,
265,CA-2012-156734,,,,,,670.001,,,,670.001,,,,,
266,CA-2012-158148,,,,36.269999999999996,36.269999999999996,,,,,,,,,,
267,CA-2012-158323,,,,,,17.088,,,,17.088,,,,,
268,CA-2012-158421,,,,3631.96,3631.96,,,,,,,,,,
269,CA-2012-160059,,,,,,,,,,,,,,6.24,6.24
270,CA-2012-160696,,,,,,,,,7.240000000000001,7.240000000000001,,,,,
271,CA-2012-161445,,,,,,,,140.736,,140.736,,,,,
272,CA-2012-161998,,,,,,,,,277.632,277.632,,,,,
273,CA-2012-162201,,,,,,,,,937.6080000000001,937.6080000000001,,,,,
274,CA-2012-162537,,,,104.51,104.51,,,,,,,,,,
275,CA-2012-162761,,,,50.462,50.462,,,,,,,,,,
276,CA-2012-163237,,,,,,,,520.03,,520.03,,,,,
277,CA-2012-163923,,,,,,,,,,,,,,151.96,151.96
278,CA-2012-163965,,,,377.90200000000004,377.90200000000004,,,,,,,,,,
279,CA-2012-164427,,,,,,,,,239.70000000000002,239.70000000000002,,,,,
280,CA-2012-165414,47.976,,,,47.976,,,,,,,,,,
281,CA-2012-165624,,,,1142.4299999999998,1142.4299999999998,,,,,,,,,,
282,CA-2012-166604,,,,,,,,17.94,,17.94,,,,,
283,CA-2012-166975,,,,,,,,,692.472,692.472,,,,,
284,CA-2012-167696,,,,31.12,31.12,,,,,,,,,,
285,CA-2012-168004,,,,,,,,392.93999999999994,,392.93999999999994,,,,,
286,CA-2012-168459,,,,58.050000000000004,58.050000000000004,,,,,,,,,,
287,CA-2012-169572,,,,,,,,,46.62,46.62,,,,,
288,CA-2012-169677,,,,,,,,9.82,,9.82,,,,,
289,CA-2012-169733,,,9.952,,9.952,,,,,,,,,,
290,CA-2012-169740,,,,29.99,29.99,,,,,,,,,,
291,CA-2013-100307,,,,,,,,,,,,,,19.44,19.44
292,CA-2013-101378,,29,,,29.0,,,,,,,,,,
293,CA-2013-101469,,,,7.7,7.7,,,,,,,,,,
294,CA-2013-101525,,,140.52,,140.52,,,,,,,,,,
295,CA-2013-102092,1056.86,,,,1056.86,,,,,,,,,,
296,CA-2013-102162,,,,1611.01,1611.01,,,,,,,,,,
297,CA-2013-102498,73.2,,,,73.2,,,,,,,,,,
298,CA-2013-104157,,,,2503.47,2503.47,,,,,,,,,,
299,CA-2013-104276,,,,447.7830000000001,447.7830000000001,,,,,,,,,,
300,CA-2013-105256,,1363.96,,,1363.96,,,,,,,,,,
301,CA-2013-105662,,,,,,,,,,,,,,270.728,270.728
302,CA-2013-105753,,,,,,,,,,,,,,61.1,61.1
303,CA-2013-106558,,,,,,,,,316,316.0,,,,,
304,CA-2013-106894,,107.83,,,107.83,,,,,,,,,,
305,CA-2013-106950,,,,1854.2410000000002,1854.2410000000002,,,,,,,,,,
306,CA-2013-108105,,,,323.88,323.88,,,,,,,,,,
307,CA-2013-108567,,,,2.6940000000000004,2.6940000000000004,,,,,,,,,,
308,CA-2013-108616,,,,298.83,298.83,,,,,,,,,,
309,CA-2013-109344,,,,,,,,,,,,,1127.976,,1127.976
310,CA-2013-109407,,,,,,,,31.36,,31.36,,,,,
311,CA-2013-109722,,,1284.8000000000002,,1284.8000000000002,,,,,,,,,,
312,CA-2013-109743,,,,,,,,,104.712,104.712,,,,,
313,CA-2013-109911,,,,,,,,,10.96,10.96,,,,,
314,CA-2013-110254,,,,,,,,,,,,,,158.81,158.81
315,CA-2013-110492,1366.0400000000002,,,,1366.0400000000002,,,,,,,,,,
316,CA-2013-111409,,,,3,3.0,,,,,,,,,,
317,CA-2013-111605,,,,2.61,2.61,,,,,,,,,,
318,CA-2013-112102,,,,448.81,448.81,,,,,,,,,,
319,CA-2013-112277,,,,,,,,,519.68,519.68,,,,,
320,CA-2013-112676,,,,,,14.352000000000002,,,,14.352000000000002,,,,,
321,CA-2013-112697,,,,,,,,1410.0660000000003,,1410.0660000000003,,,,,
322,CA-2013-113236,,,,,,,,232.62400000000002,,232.62400000000002,,,,,
323,CA-2013-113292,,,871.8000000000001,,871.8000000000001,,,,,,,,,,
324,CA-2013-113733,,,,334.25600000000003,334.25600000000003,,,,,,,,,,
325,CA-2013-113747,,,,185.88,185.88,,,,,,,,,,
326,CA-2013-113831,,,,,,,,,4317.3,4317.3,,,,,
327,CA-2013-113845,,,,,,,,,574.056,574.056,,,,,
328,CA-2013-114713,,,,,,,,,45.584,45.584,,,,,
329,CA-2013-115504,,,,,,,,,12.96,12.96,,,,,
330,CA-2013-116232,,,,24.066,24.066,,,,,,,,,,
331,CA-2013-116764,,,,,,,,,9.216,9.216,,,,,
332,CA-2013-116918,,,36.364,,36.364,,,,,,,,,,
333,CA-2013-117604,,,,239.5,239.5,,,,,,,,,,
334,CA-2013-118073,,,,,,,,,562.2925000000001,562.2925000000001,,,,,
335,CA-2013-118178,,,,,,,,,31.086000000000006,31.086000000000006,,,,,
336,CA-2013-118514,,,,866.4,866.4,,,,,,,,,,
337,CA-2013-118626,,,,705.544,705.544,,,,,,,,,,
338,CA-2013-118934,,,,,,,,,,,,,,16.218000000000004,16.218000000000004
339,CA-2013-119074,,,,,,,,,92.69999999999999,92.69999999999999,,,,,
340,CA-2013-119515,15.552000000000003,,,,15.552000000000003,,,,,,,,,,
341,CA-2013-119823,75.88,,,,75.88,,,,,,,,,,
342,CA-2013-120873,,,290.98,,290.98,,,,,,,,,,
343,CA-2013-121020,,,,,,,,,,,,,,239.976,239.976
344,CA-2013-121958,,,,52.136,52.136,,,,,,,,,,
345,CA-2013-122518,,,,,,,,10.08,,10.08,,,,,
346,CA-2013-123176,,,31.830000000000002,,31.830000000000002,,,,,,,,,,
347,CA-2013-123414,,,,,,,,,,,,,,37.264,37.264
348,CA-2013-123533,,,,,,,,,,,,,,392.8320000000001,392.8320000000001
349,CA-2013-123617,,,,,,,,,7.434000000000001,7.434000000000001,,,,,
350,CA-2013-123946,,,,,,,,,1159.06,1159.06,,,,,
351,CA-2013-124254,,,,,,,,,191.808,191.808,,,,,
352,CA-2013-124772,191.82,,,,191.82,,,,,,,,,,
353,CA-2013-125017,,,,,,,,,132.22400000000002,132.22400000000002,,,,,
354,CA-2013-125843,125.92000000000002,,,,125.92000000000002,,,,,,,,,,
355,CA-2013-127208,,,,,,224.9,,,,224.9,,,,,
356,CA-2013-127698,,863.928,,,863.928,,,,,,,,,,
357,CA-2013-127985,,,,,,,,,,,,,7.04,,7.04
358,CA-2013-130001,,,,,,,,,36.24000000000001,36.24000000000001,,,,,
359,CA-2013-130442,34.944,,,,34.944,,,,,,,,,,
360,CA-2013-130820,,,,,,,630.024,,,630.024,,,,,
361,CA-2013-131065,,,513.52,,513.52,,,,,,,,,,
362,CA-2013-131205,,,,291.73999999999995,291.73999999999995,,,,,,,,,,
363,CA-2013-131968,,,,,,,,,,,,,,681.4320000000001,681.4320000000001
364,CA-2013-132549,,,,73.36,73.36,,,,,,,,,,
365,CA-2013-133123,,,,99.15599999999999,99.15599999999999,,,,,,,,,,
366,CA-2013-133368,,,,405.34400000000005,405.34400000000005,,,,,,,,,,
367,CA-2013-133711,,,,,,3236.41,,,,3236.41,,,,,
368,CA-2013-133872,58.400000000000006,,,,58.400000000000006,,,,,,,,,,
369,CA-2013-134208,,,,396,396.0,,,,,,,,,,
370,CA-2013-134474,,,,,,,,255.904,,255.904,,,,,
371,CA-2013-134516,,,,,,,,,115.47999999999999,115.47999999999999,,,,,
372,CA-2013-134789,,,,,,,,,,,,,,215.83999999999997,215.83999999999997
373,CA-2013-135636,,,,387.72,387.72,,,,,,,,,,
374,CA-2013-136126,,,,,,,,,,,,261.1,,,261.1
375,CA-2013-136231,,,228.58599999999998,,228.58599999999998,,,,,,,,,,
376,CA-2013-136322,,,,,,,,,,,,,,74.32000000000001,74.32000000000001
377,CA-2013-136483,,,,4.704,4.704,,,,,,,,,,
378,CA-2013-137043,,,859.14,,859.14,,,,,,,,,,
379,CA-2013-137736,,,,41.86,41.86,,,,,,,,,,
380,CA-2013-138695,,,,,,,,,452.464,452.464,,,,,
381,CA-2013-139269,,,,,,,,,,,,,,1311.9699999999998,1311.9699999999998
382,CA-2013-139381,,,,233.48,233.48,,,,,,,,,,
383,CA-2013-139689,,,,,,,,,40.896,40.896,,,,,
384,CA-2013-140543,,,191.88,,191.88,,,,,,,,,,
385,CA-2013-140571,,,,,,,,,,,,,,365.44,365.44
386,CA-2013-140641,,,,38.19000000000001,38.19000000000001,,,,,,,,,,
387,CA-2013-140928,,,,,,,,,383.438,383.438,,,,,
388,CA-2013-140977,,,,,,,,,,,,,91.475,,91.475
389,CA-2013-141180,,,7.764000000000001,,7.764000000000001,,,,,,,,,,
390,CA-2013-142097,,,,,,,,,342.76,342.76,,,,,
391,CA-2013-142370,,,,254.99,254.99,,,,,,,,,,
392,CA-2013-142895,,,,370.184,370.184,,,,,,,,,,
393,CA-2013-143308,,10.74,,,10.74,,,,,,,,,,
394,CA-2013-143805,,,,,,,,2145.2499999999995,,2145.2499999999995,,,,,
395,CA-2013-144344,,314.39300000000003,,,314.39300000000003,,,,,,,,,,
396,CA-2013-145247,79.14,,,,79.14,,,,,,,,,,
397,CA-2013-145499,3.2820000000000005,,,,3.2820000000000005,,,,,,,,,,
398,CA-2013-145709,,,,,,,,,64.24799999999999,64.24799999999999,,,,,
399,CA-2013-145905,,,,1264.14,1264.14,,,,,,,,,,
400,CA-2013-146143,,,,133.38,133.38,,,,,,,,,,
401,CA-2013-146150,,,,264.18,264.18,,,,,,,,,,
402,CA-2013-146171,,,,,,,,,,,,,,558.24,558.24
403,CA-2013-147368,695.7,,,,695.7,,,,,,,,,,
404,CA-2013-148684,,,,870.04,870.04,,,,,,,,,,
405,CA-2013-149111,,,,,,,,,,,,,55.416000000000004,,55.416000000000004
406,CA-2013-149454,,,,,,,,,,,10.44,,,,10.44
407,CA-2013-149783,,,131.104,,131.104,,,,,,,,,,
408,CA-2013-149979,,,487.21999999999997,,487.21999999999997,,,,,,,,,,
409,CA-2013-150000,,,,17.92,17.92,,,,,,,,,,
410,CA-2013-151155,,,,,,,,,,,,,,34.34,34.34
411,CA-2013-152156,,,993.8999999999999,,993.8999999999999,,,,,,,,,,
412,CA-2013-152163,,85.5,,,85.5,,,,,,,,,,
413,CA-2013-152471,,839.9440000000002,,,839.9440000000002,,,,,,,,,,
414,CA-2013-153318,,,,,,783.9600000000002,,,,783.9600000000002,,,,,
415,CA-2013-154060,,,,187.056,187.056,,,,,,,,,,
416,CA-2013-154403,,,,,,,,,,,,,,4.98,4.98
417,CA-2013-154690,,,225.29600000000002,,225.29600000000002,,,,,,,,,,
418,CA-2013-155138,,,,99.87200000000001,99.87200000000001,,,,,,,,,,
419,CA-2013-155439,,,,,,,,,,,,,,25.92,25.92
420,CA-2013-155670,,,21.504000000000005,,21.504000000000005,,,,,,,,,,
421,CA-2013-156503,,,,305.248,305.248,,,,,,,,,,
422,CA-2013-156573,,,,60.485,60.485,,,,,,,,,,
423,CA-2013-157161,,,,,,,,199.18,,199.18,,,,,
424,CA-2013-157245,,,,641.96,641.96,,,,,,,,,,
425,CA-2013-157280,1120.73,,,,1120.73,,,,,,,,,,
426,CA-2013-157364,18.48,,,,18.48,,,,,,,,,,
427,CA-2013-157588,,,,88.15,88.15,,,,,,,,,,
428,CA-2013-157763,,,,,,,,,140.81,140.81,,,,,
429,CA-2013-158841,,,8805.04,,8805.04,,,,,,,,,,
430,CA-2013-159142,,,,,,,,,,,177.78,,,,177.78
431,CA-2013-159212,,,,,,,,,,,,,,273.59000000000003,273.59000000000003
432,CA-2013-159653,,14.73,,,14.73,,,,,,,,,,
433,CA-2013-159765,,,27.86,,27.86,,,,,,,,,,
434,CA-2013-159891,,,,,,,,,,,,,,1396.35,1396.35
435,CA-2013-159989,,,,40.68,40.68,,,,,,,,,,
436,CA-2013-160234,,,,135.95,135.95,,,,,,,,,,
437,CA-2013-160486,,,,72.224,72.224,,,,,,,,,,
438,CA-2013-160598,,,,,,31.008,,,,31.008,,,,,
439,CA-2013-162159,,,,,,,,,,,121.78,,,,121.78
440,CA-2013-162236,,,,,,,,1106.9240000000002,,1106.9240000000002,,,,,
441,CA-2013-162355,,,1302.83,,1302.83,,,,,,,,,,
442,CA-2013-162747,,,,,,,,86.45,,86.45,,,,,
443,CA-2013-162901,,,,,,31.4,,,,31.4,,,,,
444,CA-2013-163167,,,,,,,,2673.69,,2673.69,,,,,
445,CA-2013-163174,,,,186.54,186.54,,,,,,,,,,
446,CA-2013-163776,,,,1110.5,1110.5,,,,,,,,,,
447,CA-2013-164350,,,,,,,,,,,,,67.56,,67.56
448,CA-2013-164574,,,,732.156,732.156,,,,,,,,,,
449,CA-2013-164735,,,81.19999999999999,,81.19999999999999,,,,,,,,,,
450,CA-2013-164784,377.346,,,,377.346,,,,,,,,,,
451,CA-2013-165316,,,,,,,,,324.38700000000006,324.38700000000006,,,,,
452,CA-2013-165470,,,,,,,,,,,,,,5.08,5.08
453,CA-2013-165827,,,,,,,,,50.496,50.496,,,,,
454,CA-2013-166282,,,,158.256,158.256,,,,,,,,,,
455,CA-2013-166380,,,,,,,,,138.53,138.53,,,,,
456,CA-2013-166485,,,,16.496000000000002,16.496000000000002,,,,,,,,,,
457,CA-2013-168536,,,,66.30000000000001,66.30000000000001,,,,,,,,,,
458,CA-2013-168753,,,1002.7,,1002.7,,,,,,,,,,
459,CA-2013-168893,,,903.7700000000001,,903.7700000000001,,,,,,,,,,
460,CA-2013-169026,,,,,,,,,,,,,,23.34,23.34
461,CA-2013-169103,,,,1466.32,1466.32,,,,,,,,,,
462,CA-2013-169334,,,111.67200000000001,,111.67200000000001,,,,,,,,,,
463,CA-2014-100412,,,,,,,,,,,,,,141.96,141.96
464,CA-2014-100426,,,,12.48,12.48,,,,,,,,,,
465,CA-2014-100622,,,,1030.7420000000002,1030.7420000000002,,,,,,,,,,
466,CA-2014-100902,,,,699.4000000000001,699.4000000000001,,,,,,,,,,
467,CA-2014-101042,,,,843.8399999999999,843.8399999999999,,,,,,,,,,
468,CA-2014-101210,,,13.152000000000001,,13.152000000000001,,,,,,,,,,
469,CA-2014-101273,,,14.336000000000002,,14.336000000000002,,,,,,,,,,
470,CA-2014-101483,,,61.21600000000001,,61.21600000000001,,,,,,,,,,
471,CA-2014-102204,,,,3740.51,3740.51,,,,,,,,,,
472,CA-2014-102309,,,212.91000000000003,,212.91000000000003,,,,,,,,,,
473,CA-2014-102554,,,,,,,,,,,,,,3.76,3.76
474,CA-2014-102610,,,,248.396,248.396,,,,,,,,,,
475,CA-2014-102736,,,,177.07999999999998,177.07999999999998,,,,,,,,,,
476,CA-2014-103009,,,,,,,,26.400000000000002,,26.400000000000002,,,,,
477,CA-2014-103065,,59.82400000000001,,,59.82400000000001,,,,,,,,,,
478,CA-2014-103212,1541.51,,,,1541.51,,,,,,,,,,
479,CA-2014-103499,,,,209.56799999999998,209.56799999999998,,,,,,,,,,
480,CA-2014-104318,,,,,,,,,20.768,20.768,,,,,
481,CA-2014-104731,,,,951.98,951.98,,,,,,,,,,
482,CA-2014-104864,,,,,,,,552.856,,552.856,,,,,
483,CA-2014-105620,141,,,,141.0,,,,,,,,,,
484,CA-2014-106537,,,,20.736000000000004,20.736000000000004,,,,,,,,,,
485,CA-2014-107167,,,,,,,,,1347.5200000000002,1347.5200000000002,,,,,
486,CA-2014-107209,,,194.848,,194.848,,,,,,,,,,
487,CA-2014-107461,,,23.88,,23.88,,,,,,,,,,
488,CA-2014-108035,,,,491.88800000000003,491.88800000000003,,,,,,,,,,
489,CA-2014-108112,,,,559.2,559.2,,,,,,,,,,
490,CA-2014-108287,12.672,,,,12.672,,,,,,,,,,
491,CA-2014-108322,,,,,,,,,26.056000000000004,26.056000000000004,,,,,
492,CA-2014-109183,,,,649,649.0,,,,,,,,,,
493,CA-2014-109589,71,,,,71.0,,,,,,,,,,
494,CA-2014-110198,318.96,,,,318.96,,,,,,,,,,
495,CA-2014-110212,,,,,,,,,,,,,,48.9,48.9
496,CA-2014-110310,,,,,,,,,68.967,68.967,,,,,
497,CA-2014-110926,,,,25.060000000000002,25.060000000000002,,,,,,,,,,
498,CA-2014-112774,34.504000000000005,,,,34.504000000000005,,,,,,,,,,
499,CA-2014-113481,,,,,,740.214,,,,740.214,,,,,
500,CA-2014-113558,,,,,,,,,,,,,,729.6480000000001,729.6480000000001
501,CA-2014-113705,,,874.8,,874.8,,,,,,,,,,
502,CA-2014-114055,,,,,,,,,,,,,819.28,,819.28
503,CA-2014-114412,,,,15.552000000000003,15.552000000000003,,,,,,,,,,
504,CA-2014-114636,,,,192.16000000000003,192.16000000000003,,,,,,,,,,
505,CA-2014-115070,,,,,,,,16.739000000000004,,16.739000000000004,,,,,
506,CA-2014-115448,88.92000000000002,,,,88.92000000000002,,,,,,,,,,
507,CA-2014-115882,,,,,,1017.1360000000001,,,,1017.1360000000001,,,,,
508,CA-2014-116113,,,,,,,,10.16,,10.16,,,,,
509,CA-2014-116855,,,,504.90000000000003,504.90000000000003,,,,,,,,,,
510,CA-2014-116939,,,,177.54999999999998,177.54999999999998,,,,,,,,,,
511,CA-2014-117079,,,,863.8799999999999,863.8799999999999,,,,,,,,,,
512,CA-2014-117198,,,,659.9,659.9,,,,,,,,,,
513,CA-2014-117695,,,,,,13.76,,,,13.76,,,,,
514,CA-2014-118402,,,,243.92,243.92,,,,,,,,,,
515,CA-2014-119004,,,,105.40800000000002,105.40800000000002,,,,,,,,,,
516,CA-2014-119284,,,,,,,,,2942.784,2942.784,,,,,
517,CA-2014-119305,,,,173.79999999999998,173.79999999999998,,,,,,,,,,
518,CA-2014-119669,,,,5.67,5.67,,,,,,,,,,
519,CA-2014-120705,,,,,,,,,,,,,,147.184,147.184
520,CA-2014-120894,,,,28.08,28.08,,,,,,,,,,
521,CA-2014-121314,251.64,,,,251.64,,,,,,,,,,
522,CA-2014-121419,,,,,,,,,,,771.8,,,,771.8
523,CA-2014-121804,,,,72.8,72.8,,,,,,,,,,
524,CA-2014-121818,52.696000000000005,,,,52.696000000000005,,,,,,,,,,
525,CA-2014-122056,,,,181.86,181.86,,,,,,,,,,
526,CA-2014-122154,284.19,,,,284.19,,,,,,,,,,
527,CA-2014-122693,,,,,,,,1245.86,,1245.86,,,,,
528,CA-2014-122707,,,,,,503.22,,,,503.22,,,,,
529,CA-2014-122987,,80.56400000000001,,,80.56400000000001,,,,,,,,,,
530,CA-2014-122994,359.96999999999997,,,,359.96999999999997,,,,,,,,,,
531,CA-2014-123239,,,91.03200000000001,,91.03200000000001,,,,,,,,,,
532,CA-2014-123351,,,,80.48,80.48,,,,,,,,,,
533,CA-2014-123687,,,,,,234.2,,,,234.2,,,,,
534,CA-2014-124296,,,,712.85,712.85,,,,,,,,,,
535,CA-2014-124597,,,,,,,,,,,,,,32.088,32.088
536,CA-2014-124765,,,,723.92,723.92,,,,,,,,,,
537,CA-2014-124828,,,,,,9.552,,,,9.552,,,,,
538,CA-2014-124898,,,,,,,,,,,,,,184.66,184.66
539,CA-2014-125472,253.85999999999999,,,,253.85999999999999,,,,,,,,,,
540,CA-2014-125745,,,,,,,,,19.52,19.52,,,,,
541,CA-2014-125752,,,,,,,,,,,,,,41.42400000000001,41.42400000000001
542,CA-2014-126046,,,,,,,,,12.39,12.39,,,,,
543,CA-2014-126354,,,,119.17800000000001,119.17800000000001,,,,,,,,,,
544,CA-2014-126382,,,,,,,,,35.168000000000006,35.168000000000006,,,,,
545,CA-2014-126774,4.89,,,,4.89,,,,,,,,,,
546,CA-2014-126914,,,,776.0800000000002,776.0800000000002,,,,,,,,,,
547,CA-2014-127306,,,,175.086,175.086,,,,,,,,,,
548,CA-2014-127516,,,,,,,,,,,,,,64.784,64.784
549,CA-2014-127726,,,209.88,,209.88,,,,,,,,,,
550,CA-2014-127803,,,,,,,,,26.16,26.16,,,,,
551,CA-2014-128300,,,,,,,,406.93999999999994,,406.93999999999994,,,,,
552,CA-2014-128363,,,,2382.9260000000004,2382.9260000000004,,,,,,,,,,
553,CA-2014-128475,,,,,,,,,,,,,,71.98,71.98
554,CA-2014-128629,,,18.84,,18.84,,,,,,,,,,
555,CA-2014-128699,,,47.992000000000004,,47.992000000000004,,,,,,,,,,
556,CA-2014-128755,,,,629.86,629.86,,,,,,,,,,
557,CA-2014-128769,,,,,,,,,81.568,81.568,,,,,
558,CA-2014-129021,,,4590.344000000001,,4590.344000000001,,,,,,,,,,
559,CA-2014-129028,,,,,,127.94999999999999,,,,127.94999999999999,,,,,
560,CA-2014-129462,,,740.59,,740.59,,,,,,,,,,
561,CA-2014-129490,,,,,,,,,,,,,,419.13599999999997,419.13599999999997
562,CA-2014-129910,,,,,,,,,,,,,,59.76,59.76
563,CA-2014-130309,,,,544.38,544.38,,,,,,,,,,
564,CA-2014-130834,,,16.272000000000002,,16.272000000000002,,,,,,,,,,
565,CA-2014-130904,,,,22.744,22.744,,,,,,,,,,
566,CA-2014-132185,,,,52.344,52.344,,,,,,,,,,
567,CA-2014-132213,,,,,,,,,,,109.96799999999999,,,,109.96799999999999
568,CA-2014-133095,,,,,,,,,,,,117.62,,,117.62
569,CA-2014-133235,271.96,,,,271.96,,,,,,,,,,
570,CA-2014-133263,,,,,,,,3098.6099999999997,,3098.6099999999997,,,,,
571,CA-2014-133501,,,,5.184000000000001,5.184000000000001,,,,,,,,,,
572,CA-2014-133641,,,,48.69,48.69,,,,,,,,,,
573,CA-2014-133928,,,,4.572000000000001,4.572000000000001,,,,,,,,,,
574,CA-2014-134096,,,,,,,,,,,,,,399.53000000000003,399.53000000000003
575,CA-2014-134495,,,,,,,,269.40000000000003,,269.40000000000003,,,,,
576,CA-2014-134649,,,,,,,,22.63,,22.63,,,,,
577,CA-2014-134810,,,,,,272.23199999999997,,,,272.23199999999997,,,,,
578,CA-2014-135587,,,,372.64,372.64,,,,,,,,,,
579,CA-2014-136826,,,,,,,,,14.015999999999998,14.015999999999998,,,,,
580,CA-2014-137631,,,,751.984,751.984,,,,,,,,,,
581,CA-2014-138779,29.664,,,,29.664,,,,,,,,,,
582,CA-2014-138975,,,,2361.52,2361.52,,,,,,,,,,
583,CA-2014-139353,,,273.088,,273.088,,,,,,,,,,
584,CA-2014-139493,,,,15.920000000000002,15.920000000000002,,,,,,,,,,
585,CA-2014-139619,,,,,,,,,95.616,95.616,,,,,
586,CA-2014-139787,,,,,,,,,,,,,,35.4,35.4
587,CA-2014-139948,,,,7.904000000000001,7.904000000000001,,,,,,,,,,
588,CA-2014-140088,,,301.96,,301.96,,,,,,,,,,
589,CA-2014-140627,,,,303.32000000000005,303.32000000000005,,,,,,,,,,
590,CA-2014-140872,,,,1111.698,1111.698,,,,,,,,,,
591,CA-2014-141446,,,,,,,,,,,,,18,,18.0
592,CA-2014-141614,,,,,,,,,20.736000000000004,20.736000000000004,,,,,
593,CA-2014-142090,,,,2165.658,2165.658,,,,,,,,,,
594,CA-2014-142671,,,,,,,,,,,,,11.520000000000001,,11.520000000000001
595,CA-2014-143567,,,,,,,,3291.0699999999997,,3291.0699999999997,,,,,
596,CA-2014-143756,701.96,,,,701.96,,,,,,,,,,
597,CA-2014-143861,,,,17.088,17.088,,,,,,,,,,
598,CA-2014-144365,,,,11.68,11.68,,,,,,,,,,
599,CA-2014-144456,,,,,,,,,,,220.056,,,,220.056
600,CA-2014-144498,,817.8290000000002,,,817.8290000000002,,,,,,,,,,
601,CA-2014-144694,,,253.824,,253.824,,,,,,,,,,
602,CA-2014-145275,,,,14.940000000000001,14.940000000000001,,,,,,,,,,
603,CA-2014-145310,,,7.824,,7.824,,,,,,,,,,
604,CA-2014-145702,,,,,,,,342.23999999999995,,342.23999999999995,,,,,
605,CA-2014-145737,,,,163.96,163.96,,,,,,,,,,
606,CA-2014-146136,,,,24.448,24.448,,,,,,,,,,
607,CA-2014-146192,,,,675.0600000000001,675.0600000000001,,,,,,,,,,
608,CA-2014-146458,,,22.959999999999997,,22.959999999999997,,,,,,,,,,
609,CA-2014-146535,,,,,,,,,,,,,,1446.8400000000001,1446.8400000000001
610,CA-2014-146983,,,,1577.94,1577.94,,,,,,,,,,
611,CA-2014-147228,,,,458.98400000000004,458.98400000000004,,,,,,,,,,
612,CA-2014-147333,,,,,,,,,204.55,204.55,,,,,
613,CA-2014-147361,,,,,,,,,685.26,685.26,,,,,
614,CA-2014-147760,,,,,,1883.7240000000002,,,,1883.7240000000002,,,,,
615,CA-2014-148166,,,,,,,,,,,,,,17.856,17.856
616,CA-2014-148404,,,,,,,,,,,,,,1027.21,1027.21
617,CA-2014-148474,,,,,,,,,,,,,,544.1399999999999,544.1399999999999
618,CA-2014-148810,,,,,,,,,287.42400000000004,287.42400000000004,,,,,
619,CA-2014-148922,,,,,,,,,,,,,684.7800000000001,,684.7800000000001
620,CA-2014-148999,,,,419.13599999999997,419.13599999999997,,,,,,,,,,
621,CA-2014-149146,,,,,,,,,,,,7.968000000000001,,,7.968000000000001
622,CA-2014-149853,,,,33.47200000000001,33.47200000000001,,,,,,,,,,
623,CA-2014-150910,,,,1090.348,1090.348,,,,,,,,,,
624,CA-2014-150931,,,,,,,,,,,,,,33.74,33.74
625,CA-2014-151211,,,,,,,,,,,,,,201.09,201.09
626,CA-2014-151218,4.464,,,,4.464,,,,,,,,,,
627,CA-2014-151855,,,,,,,,,39.251999999999995,39.251999999999995,,,,,
628,CA-2014-152786,,,,40.410000000000004,40.410000000000004,,,,,,,,,,
629,CA-2014-152968,,,,23.08,23.08,,,,,,,,,,
630,CA-2014-153339,,,,,,,,15.991999999999999,,15.991999999999999,,,,,
631,CA-2014-153654,,,,,,,,19.008000000000003,,19.008000000000003,,,,,
632,CA-2014-154088,,,,26.720000000000002,26.720000000000002,,,,,,,,,,
633,CA-2014-154123,,,,,,,,,,,,,,27.58,27.58
634,CA-2014-154816,,,,,,,,,5.78,5.78,,,,,
635,CA-2014-155089,,,,,,,,,,,,,,45.66000000000001,45.66000000000001
636,CA-2014-155159,,,48.87,,48.87,,,,,,,,,,
637,CA-2014-155292,,,,,,,,,,,204.98000000000002,,,,204.98000000000002
638,CA-2014-155698,,,,,,668.5400000000001,,,,668.5400000000001,,,,,
639,CA-2014-155705,,,866.4,,866.4,,,,,,,,,,
640,CA-2014-155824,,,,,,,,,61.876000000000005,61.876000000000005,,,,,
641,CA-2014-156272,,,,,,,,,64.384,64.384,,,,,
642,CA-2014-156769,54.66,,,,54.66,,,,,,,,,,
643,CA-2014-157854,,,,,,,,,2747.2500000000005,2747.2500000000005,,,,,
644,CA-2014-157931,,,,,,,,,,,,,830.24,,830.24
645,CA-2014-158386,,,,124.75,124.75,,,,,,,,,,
646,CA-2014-158407,,,,,,,,,103.968,103.968,,,,,
647,CA-2014-158561,,,,,,,,1158.12,,1158.12,,,,,
648,CA-2014-158729,1665.62,,,,1665.62,,,,,,,,,,
649,CA-2014-158743,,,,199.17000000000002,199.17000000000002,,,,,,,,,,
650,CA-2014-158883,,25.344,,,25.344,,,,,,,,,,
651,CA-2014-158967,19.104,,,,19.104,,,,,,,,,,
652,CA-2014-159100,,,,,,,,,1893.786,1893.786,,,,,
653,CA-2014-159135,,,,,,,,,,,,,,4.3,4.3
654,CA-2014-159464,,,,,,524.85,,,,524.85,,,,,
655,CA-2014-159667,,,,,,,,,,,,,,691.144,691.144
656,CA-2014-159954,,,,2.78,2.78,,,,,,,,,,
657,CA-2014-160017,,,,,,,,,10.368000000000002,10.368000000000002,,,,,
658,CA-2014-160423,,,,,,,,,,,,,,383.99199999999996,383.99199999999996
659,CA-2014-160458,,,25.920000000000005,,25.920000000000005,,,,,,,,,,
660,CA-2014-160724,,,,,,,,,34.5,34.5,,,,,
661,CA-2014-160899,,,,,,,,,,,,,477.51,,477.51
662,CA-2014-161046,,,,,,,839.25,,,839.25,,,,,
663,CA-2014-161053,726.9100000000001,,,,726.9100000000001,,,,,,,,,,
664,CA-2014-161088,,,,,,,,,,,,,,29.84,29.84
665,CA-2014-161130,,,,,,,,,361.37600000000003,361.37600000000003,,,,,
666,CA-2014-161200,,,161.14000000000001,,161.14000000000001,,,,,,,,,,
667,CA-2014-161592,,,,,,,,,8.100000000000001,8.100000000000001,,,,,
668,CA-2014-161851,,,,,,15.570000000000004,,,,15.570000000000004,,,,,
669,CA-2014-161970,,,,30.900000000000002,30.900000000000002,,,,,,,,,,
670,CA-2014-162033,,,,,,,,,,,,,,57.01,57.01
671,CA-2014-162173,,,,608.4300000000001,608.4300000000001,,,,,,,,,,
672,CA-2014-162635,10.816,,,,10.816,,,,,,,,,,
673,CA-2014-163321,,,79.992,,79.992,,,,,,,,,,
674,CA-2014-163335,79,,,,79.0,,,,,,,,,,
675,CA-2014-163510,,,400.39,,400.39,,,,,,,,,,
676,CA-2014-163629,,,,,,,,,286.09,286.09,,,,,
677,CA-2014-164756,,,,,,,,,997.83,997.83,,,,,
678,CA-2014-164917,,,,,,,,,47.96,47.96,,,,,
679,CA-2014-165029,,,,,,,,,12.84,12.84,,,,,
680,CA-2014-165204,,,728.9680000000001,,728.9680000000001,,,,,,,,,,
681,CA-2014-165687,,,,35.04,35.04,,,,,,,,,,
682,CA-2014-165715,,,,32.776,32.776,,,,,,,,,,
683,CA-2014-165904,,,,,,,,,,,,,,235.44000000000003,235.44000000000003
684,CA-2014-167871,,,,47.328,47.328,,,,,,,,,,
685,CA-2014-167941,,,831.3680000000002,,831.3680000000002,,,,,,,,,,
686,CA-2014-168102,,,,,,,,,113.56800000000001,113.56800000000001,,,,,
687,CA-2014-168389,,,,,,,,,873.811,873.811,,,,,
688,CA-2014-169005,,,,5.56,5.56,,,,,,,,,,
689,CA-2014-169012,,,,,,,,,41.910000000000004,41.910000000000004,,,,,
690,US-2011-102715,,,737.2,,737.2,,,,,,,,,,
691,US-2011-107405,,,,,,,,,16.272000000000002,16.272000000000002,,,,,
692,US-2011-109162,,,,,,,,,170.35200000000003,170.35200000000003,,,,,
693,US-2011-114377,,149.9,,,149.9,,,,,,,,,,
694,US-2011-115196,,,,1299.99,1299.99,,,,,,,,,,
695,US-2011-117135,,,425.66999999999996,,425.66999999999996,,,,,,,,,,
696,US-2011-117170,,,,52.608000000000004,52.608000000000004,,,,,,,,,,
697,US-2011-118997,,,,,,,,,1215.92,1215.92,,,,,
698,US-2011-125521,,,,,,,,,,,,,,1139.92,1139.92
699,US-2011-130358,23.119999999999997,,,,23.119999999999997,,,,,,,,,,
700,US-2011-138835,,,,,,,,,,,,,,9.64,9.64
701,US-2011-143581,,,,,,,,,344.90999999999997,344.90999999999997,,,,,
702,US-2011-147627,,,,1859.4,1859.4,,,,,,,,,,
703,US-2011-147774,,,,,,,,,67.194,67.194,,,,,
704,US-2011-150574,,,,252.61200000000002,252.61200000000002,,,,,,,,,,
705,US-2011-155502,,,,,,,,,,,,,,944.61,944.61
706,US-2011-155544,,,,310.528,310.528,,,,,,,,,,
707,US-2011-155817,,,,,,,,,,,,,,67.75999999999999,67.75999999999999
708,US-2011-156216,,,,,,,,,18.648000000000003,18.648000000000003,,,,,
709,US-2011-156559,,,,638.82,638.82,,,,,,,,,,
710,US-2011-157231,,,,,,,,,115.36,115.36,,,,,
711,US-2011-158057,,,,59.109000000000016,59.109000000000016,,,,,,,,,,
712,US-2011-164763,,,,,,,,,103.50000000000001,103.50000000000001,,,,,
713,US-2011-165659,,,,904.13,904.13,,,,,,,,,,
714,US-2011-167633,,,,15.552000000000003,15.552000000000003,,,,,,,,,,
715,US-2012-106495,11.672,,,,11.672,,,,,,,,,,
716,US-2012-108966,,,,979.9455,979.9455,,,,,,,,,,
717,US-2012-112508,,,,,,,,,6.992000000000001,6.992000000000001,,,,,
718,US-2012-113327,,,,,,,,,,,,,352.168,,352.168
719,US-2012-120572,,,,12.828000000000001,12.828000000000001,,,,,,,,,,
720,US-2012-123960,,,,207.82,207.82,,,,,,,,,,
721,US-2012-129553,,,,29.97,29.97,,,,,,,,,,
722,US-2012-130519,,,,,,,111.904,,,111.904,,,,,
723,US-2012-131842,,,,,,97.424,,,,97.424,,,,,
724,US-2012-134026,,,,1001.7600000000001,1001.7600000000001,,,,,,,,,,
725,US-2012-136476,,,,,,,,,157.79400000000004,157.79400000000004,,,,,
726,US-2012-136749,,,433.78,,433.78,,,,,,,,,,
727,US-2012-140851,,,,,,,,38.88,,38.88,,,,,
728,US-2012-145436,,,,551.264,551.264,,,,,,,,,,
729,US-2012-148817,,,,,,,,,125.64,125.64,,,,,
730,US-2012-149629,,,,,,,,231.92000000000002,,231.92000000000002,,,,,
731,US-2012-151435,,,85.98,,85.98,,,,,,,,,,
732,US-2012-158911,,,,,,,,,16.712000000000003,16.712000000000003,,,,,
733,US-2012-164357,,,,13.120000000000001,13.120000000000001,,,,,,,,,,
734,US-2012-168732,,,,129.64,129.64,,,,,,,,,,
735,US-2012-168935,,,,459.43350000000004,459.43350000000004,,,,,,,,,,
736,US-2013-101616,,,,,,87.28,,,,87.28,,,,,
737,US-2013-102232,,,,,,,,,197.04999999999998,197.04999999999998,,,,,
738,US-2013-106600,354.90000000000003,,,,354.90000000000003,,,,,,,,,,
739,US-2013-108504,,,,,,,,,,,,2075.51,,,2075.51
740,US-2013-108637,,,,,,,,,,,,,,334.2,334.2
741,US-2013-109260,,,,,,,,,,,,,,431.97600000000006,431.97600000000006
742,US-2013-113649,645.136,,,,645.136,,,,,,,,,,
743,US-2013-116400,39.92,,,,39.92,,,,,,,,,,
744,US-2013-119298,59.98,,,,59.98,,,,,,,,,,
745,US-2013-120929,,,189.882,,189.882,,,,,,,,,,
746,US-2013-121013,,,,1678,1678.0,,,,,,,,,,
747,US-2013-123750,,,,,,,,,,,,,,895.06,895.06
748,US-2013-131891,2.2140000000000004,,,,2.2140000000000004,,,,,,,,,,
749,US-2013-132857,,,,6.671999999999999,6.671999999999999,,,,,,,,,,
750,US-2013-134761,,36.192,,,36.192,,,,,,,,,,
751,US-2013-135209,,,,,,,,,,,,,62.752,,62.752
752,US-2013-135923,,,,530.2719999999999,530.2719999999999,,,,,,,,,,
753,US-2013-137295,,,,187.228,187.228,,,,,,,,,,
754,US-2013-138408,,,,,,,,1319.96,,1319.96,,,,,
755,US-2013-139262,,,,,,,,,,,,,,471.07800000000003,471.07800000000003
756,US-2013-140809,,,,,,56.449999999999996,,,,56.449999999999996,,,,,
757,US-2013-142251,,,32.064,,32.064,,,,,,,,,,
758,US-2013-144393,,,,,,,,,17.616000000000003,17.616000000000003,,,,,
759,US-2013-146570,,,,,,,,,,,,,,612.14,612.14
760,US-2013-147991,,,,16.72,16.72,,,,,,,,,,
761,US-2013-148803,,85.224,,,85.224,,,,,,,,,,
762,US-2013-148901,,,,,,,,,191.018,191.018,,,,,
763,US-2013-150357,,,,,,,,,24.703000000000003,24.703000000000003,,,,,
764,US-2013-150567,,,,,,,,,29.97000000000001,29.97000000000001,,,,,
765,US-2013-153815,,,,,,368.432,,,,368.432,,,,,
766,US-2013-155404,,,,,,,,,,,,,,13.28,13.28
767,US-2013-156692,,89.32000000000001,,,89.32000000000001,,,,,,,,,,
768,US-2013-158309,,,,,,,,,,,3.7440000000000007,,,,3.7440000000000007
769,US-2013-159415,,,,,,,,,79.12,79.12,,,,,
770,US-2013-161844,,,,,,,,82.91999999999999,,82.91999999999999,,,,,
771,US-2013-162677,187.616,,,,187.616,,,,,,,,,,
772,US-2013-164588,,,,12.84,12.84,,,,,,,,,,
773,US-2013-164630,,,,,,,,,959.9680000000001,959.9680000000001,,,,,
774,US-2013-167472,678.8699999999999,,,,678.8699999999999,,,,,,,,,,
775,US-2013-168620,,,,,,,,,,,,,823.6100000000001,,823.6100000000001
776,US-2013-169369,,,,299.07,299.07,,,,,,,,,,
777,US-2014-100930,,,,,,,,,,,,,,1735.8505000000002,1735.8505000000002
778,US-2014-102904,,,,239.92,239.92,,,,,,,,,,
779,US-2014-105935,,,,3002.65,3002.65,,,,,,,,,,
780,US-2014-108063,34.650000000000006,,,,34.650000000000006,,,,,,,,,,
781,US-2014-108315,,,,,,,,,,,,,,225.54600000000002,225.54600000000002
782,US-2014-109610,,,,,,,,701.96,,701.96,,,,,
783,US-2014-114356,,,,,,,,,,,,,,35.96,35.96
784,US-2014-115252,,,,,,,,,30.336000000000006,30.336000000000006,,,,,
785,US-2014-117450,,,,107.55200000000002,107.55200000000002,,,,,,,,,,
786,US-2014-120390,,,,,,,,,,,,,,1633.1880000000003,1633.1880000000003
787,US-2014-120607,,195.64,,,195.64,,,,,,,,,,
788,US-2014-126060,,,,,,,,,198.27200000000002,198.27200000000002,,,,,
789,US-2014-126179,,,,311.96,311.96,,,,,,,,,,
790,US-2014-128118,,,,,,,,,76.52100000000002,76.52100000000002,,,,,
791,US-2014-128951,,,,,,1065.8400000000001,,,,1065.8400000000001,,,,,
792,US-2014-129224,,,,,,,,,,,,,,4.608,4.608
793,US-2014-132031,,,,,,,,,,,,,,513.4960000000001,513.4960000000001
794,US-2014-132297,,,,,,,,,,,,,,598.3100000000001,598.3100000000001
795,US-2014-132675,,,,,,,,,,,,,,148.16000000000003,148.16000000000003
796,US-2014-133781,37.608000000000004,,,,37.608000000000004,,,,,,,,,,
797,US-2014-134642,,,,428.704,428.704,,,,,,,,,,
798,US-2014-135062,,,229.544,,229.544,,,,,,,,,,
799,US-2014-135503,,,,,,,,,14.76,14.76,,,,,
800,US-2014-135986,,,,536.36,536.36,,,,,,,,,,
801,US-2014-136189,,,,82.38,82.38,,,,,,,,,,
802,US-2014-146822,,,,49.12,49.12,,,,,,,,,,
803,US-2014-146878,,,,12.294,12.294,,,,,,,,,,
804,US-2014-148768,,,,,,,,,,,,,71.976,,71.976
805,US-2014-148831,348.56,,,,348.56,,,,,,,,,,
806,US-2014-149510,,,,98.446,98.446,,,,,,,,,,
807,US-2014-152492,,239.24,,,239.24,,,,,,,,,,
808,US-2014-152842,,,,242.35200000000003,242.35200000000003,,,,,,,,,,
809,US-2014-152898,,,,67.9,67.9,,,,,,,,,,
810,US-2014-153633,,,2.064,,2.064,,,,,,,,,,
811,US-2014-156083,,,,,,,,,,,,,,9.664000000000001,9.664000000000001
812,US-2014-158526,,,1814.6799999999998,,1814.6799999999998,,,,,,,,,,
813,US-2014-159205,,,,,,,,,,,,,732.93,,732.93
814,US-2014-162208,,,,,,2.8960000000000004,,,,2.8960000000000004,,,,,
815,US-2014-162558,,,,,,,,,,,2437.672,,,,2437.672
816,US-2014-162670,,,,,,,,1152.8700000000001,,1152.8700000000001,,,,,
817,US-2014-163195,,,29.160000000000004,,29.160000000000004,,,,,,,,,,
818,US-2014-165953,,,,71.096,71.096,,,,,,,,,,
819,US-2014-166233,,,,24,24.0,,,,,,,,,,
820,US-2014-166611,,,,,,,,,68.74200000000002,68.74200000000002,,,,,
821,US-2014-167920,,,1827.51,,1827.51,,,,,,,,,,
822,US-2014-168116,,,,,,,8167.419999999999,,,8167.419999999999,,,,,
823,US-2014-168690,,,,2.8080000000000007,2.8080000000000007,,,,,,,,,,
824,Grand Total,20802.17299999999,8132.408999999999,49724.2545,116922.13449999994,195580.97100000005,20792.607000000004,9907.307999999999,35243.23100000001,55942.78650000001,121885.93249999997,7737.785999999998,2977.456,8791.127,54748.63250000001,74255.0015
